sample-id	AnimalID	RunID	TreatmentGroup	Dose-Gy	PrimerAssay	ForwardPrimer	ReversePrimer
#q2:types	categorical	categorical	categorical	categorical	categorical	categorical	categorical
7148-49	49	7148	IR+HLU	0.5 Gy	V3V4 (357wF-806R)	CCTACGGGNGGCWGCAG	GGACTACHVGGGTWTCTAAT
7148-50	50	7148	IR+HLU	0.5 Gy	V3V4 (357wF-806R)	CCTACGGGNGGCWGCAG	GGACTACHVGGGTWTCTAAT
7148-51	51	7148	IR+HLU	0.5 Gy	V3V4 (357wF-806R)	CCTACGGGNGGCWGCAG	GGACTACHVGGGTWTCTAAT
7148-52	52	7148	IR+HLU	0.5 Gy	V3V4 (357wF-806R)	CCTACGGGNGGCWGCAG	GGACTACHVGGGTWTCTAAT
7148-53	53	7148	IR+HLU	0.5 Gy	V3V4 (357wF-806R)	CCTACGGGNGGCWGCAG	GGACTACHVGGGTWTCTAAT
7148-54	54	7148	IR+HLU	0.5 Gy	V3V4 (357wF-806R)	CCTACGGGNGGCWGCAG	GGACTACHVGGGTWTCTAAT
7148-55	55	7148	IR+HLU	0.5 Gy	V3V4 (357wF-806R)	CCTACGGGNGGCWGCAG	GGACTACHVGGGTWTCTAAT
7148-56	56	7148	IR+HLU	0.5 Gy	V3V4 (357wF-806R)	CCTACGGGNGGCWGCAG	GGACTACHVGGGTWTCTAAT
7148-57	57	7148	IR+HLU	0.5 Gy	V3V4 (357wF-806R)	CCTACGGGNGGCWGCAG	GGACTACHVGGGTWTCTAAT
7148-59	59	7148	IR+HLU	0.5 Gy	V3V4 (357wF-806R)	CCTACGGGNGGCWGCAG	GGACTACHVGGGTWTCTAAT
7148-61	61	7148	IR	0.5 Gy	V3V4 (357wF-806R)	CCTACGGGNGGCWGCAG	GGACTACHVGGGTWTCTAAT
7148-63	63	7148	HLU	0 Gy	V3V4 (357wF-806R)	CCTACGGGNGGCWGCAG	GGACTACHVGGGTWTCTAAT
7148-64	64	7148	HLU	0 Gy	V3V4 (357wF-806R)	CCTACGGGNGGCWGCAG	GGACTACHVGGGTWTCTAAT
7148-69	69	7148	HLU	0 Gy	V3V4 (357wF-806R)	CCTACGGGNGGCWGCAG	GGACTACHVGGGTWTCTAAT
7148-70	70	7148	HLU	0 Gy	V3V4 (357wF-806R)	CCTACGGGNGGCWGCAG	GGACTACHVGGGTWTCTAAT
7148-71	71	7148	HLU	0 Gy	V3V4 (357wF-806R)	CCTACGGGNGGCWGCAG	GGACTACHVGGGTWTCTAAT
7148-72	72	7148	HLU	0 Gy	V3V4 (357wF-806R)	CCTACGGGNGGCWGCAG	GGACTACHVGGGTWTCTAAT
7148-73	73	7148	IR	0.5 Gy	V3V4 (357wF-806R)	CCTACGGGNGGCWGCAG	GGACTACHVGGGTWTCTAAT
7148-74	74	7148	IR	0.5 Gy	V3V4 (357wF-806R)	CCTACGGGNGGCWGCAG	GGACTACHVGGGTWTCTAAT
7148-76	76	7148	IR	0.5 Gy	V3V4 (357wF-806R)	CCTACGGGNGGCWGCAG	GGACTACHVGGGTWTCTAAT
7148-77	77	7148	sham	sham	V3V4 (357wF-806R)	CCTACGGGNGGCWGCAG	GGACTACHVGGGTWTCTAAT
7148-78	78	7148	sham	sham	V3V4 (357wF-806R)	CCTACGGGNGGCWGCAG	GGACTACHVGGGTWTCTAAT
7148-79	79	7148	sham	sham	V3V4 (357wF-806R)	CCTACGGGNGGCWGCAG	GGACTACHVGGGTWTCTAAT
7148-80	80	7148	sham	sham	V3V4 (357wF-806R)	CCTACGGGNGGCWGCAG	GGACTACHVGGGTWTCTAAT
7148-81	81	7148	IR	0.5 Gy	V3V4 (357wF-806R)	CCTACGGGNGGCWGCAG	GGACTACHVGGGTWTCTAAT
7148-82	82	7148	IR	0.5 Gy	V3V4 (357wF-806R)	CCTACGGGNGGCWGCAG	GGACTACHVGGGTWTCTAAT
7148-83	83	7148	IR	0.5 Gy	V3V4 (357wF-806R)	CCTACGGGNGGCWGCAG	GGACTACHVGGGTWTCTAAT
7148-84	84	7148	IR	0.5 Gy	V3V4 (357wF-806R)	CCTACGGGNGGCWGCAG	GGACTACHVGGGTWTCTAAT
7148-85	85	7148	HLU	0 Gy	V3V4 (357wF-806R)	CCTACGGGNGGCWGCAG	GGACTACHVGGGTWTCTAAT
7148-86	86	7148	HLU	0 Gy	V3V4 (357wF-806R)	CCTACGGGNGGCWGCAG	GGACTACHVGGGTWTCTAAT
7148-87	87	7148	HLU	0 Gy	V3V4 (357wF-806R)	CCTACGGGNGGCWGCAG	GGACTACHVGGGTWTCTAAT
7148-89	89	7148	sham	sham	V3V4 (357wF-806R)	CCTACGGGNGGCWGCAG	GGACTACHVGGGTWTCTAAT
7148-90	90	7148	sham	sham	V3V4 (357wF-806R)	CCTACGGGNGGCWGCAG	GGACTACHVGGGTWTCTAAT
7148-91	91	7148	sham	sham	V3V4 (357wF-806R)	CCTACGGGNGGCWGCAG	GGACTACHVGGGTWTCTAAT
7148-92	92	7148	sham	sham	V3V4 (357wF-806R)	CCTACGGGNGGCWGCAG	GGACTACHVGGGTWTCTAAT